RMSE,MAE,MAPE,SMAPE,R2,MaxAE
95.38439079068672,67.55774678477222,0.12283226688140401,0.1229479564632821,0.0,234.46752821123664
